time_step,total_population,resource_concentration,genotype_A_density,genotype_B_density,genotype_C_density,mutation_frequency,cooperation_index,competition_index
0,111,995.01,0.616,0.292,0.092,0.033,0.37,0.37
1,123,991.11,0.603,0.306,0.091,0.098,0.567,0.107
2,133,988.87,0.609,0.325,0.065,0.092,0.215,0.609
3,140,985.49,0.608,0.315,0.076,0.034,0.278,0.68
4,149,983.37,0.598,0.323,0.08,0.052,0.18,0.506
5,158,981.82,0.602,0.331,0.067,0.096,0.545,0.37
6,169,978.15,0.593,0.328,0.079,0.061,0.222,0.163
7,179,976.67,0.586,0.314,0.101,0.019,0.471,0.512
8,184,975.52,0.58,0.309,0.111,0.07,0.541,0.467
9,197,973.39,0.573,0.323,0.104,0.04,0.102,0.511
10,207,970.88,0.557,0.316,0.127,0.062,0.414,0.655
11,221,967.84,0.555,0.32,0.126,0.012,0.574,0.504
12,234,965.44,0.546,0.303,0.151,0.016,0.541,0.367
13,247,963.36,0.544,0.319,0.138,0.045,0.169,0.169
14,262,961.71,0.537,0.333,0.13,0.077,0.337,0.413
15,272,956.78,0.543,0.314,0.144,0.06,0.217,0.596
16,281,953.57,0.541,0.327,0.132,0.074,0.144,0.191
17,289,952.0,0.531,0.311,0.158,0.073,0.334,0.664
18,301,949.85,0.546,0.322,0.133,0.05,0.445,0.11
19,309,947.01,0.55,0.314,0.136,0.09,0.46,0.12
20,318,944.01,0.533,0.334,0.134,0.093,0.506,0.134
21,330,940.43,0.548,0.339,0.113,0.018,0.392,0.426
22,339,935.83,0.533,0.336,0.131,0.039,0.422,0.684
23,350,931.41,0.513,0.319,0.168,0.065,0.464,0.417
24,359,926.48,0.529,0.319,0.152,0.046,0.427,0.384
25,366,923.68,0.512,0.334,0.154,0.032,0.592,0.21
26,373,918.76,0.502,0.337,0.161,0.071,0.346,0.697
27,382,917.1,0.507,0.353,0.14,0.017,0.288,0.565
28,395,913.6,0.512,0.362,0.126,0.025,0.524,0.491
29,404,911.17,0.518,0.369,0.113,0.098,0.189,0.494
30,413,908.08,0.509,0.377,0.114,0.064,0.129,0.336
31,427,905.26,0.497,0.395,0.107,0.017,0.186,0.332
32,435,902.85,0.517,0.41,0.073,0.064,0.489,0.219
33,447,900.47,0.51,0.394,0.096,0.011,0.545,0.514
34,456,895.87,0.5,0.392,0.108,0.046,0.394,0.364
35,467,891.38,0.481,0.387,0.132,0.023,0.15,0.478
36,481,889.16,0.476,0.377,0.147,0.073,0.316,0.691
37,495,888.02,0.476,0.385,0.139,0.071,0.17,0.422
38,504,883.2,0.456,0.387,0.156,0.07,0.27,0.336
39,515,878.83,0.459,0.391,0.15,0.074,0.315,0.466
40,530,876.33,0.471,0.405,0.124,0.05,0.203,0.236
41,540,872.08,0.478,0.416,0.106,0.048,0.429,0.367
42,547,869.79,0.486,0.397,0.117,0.046,0.354,0.376
43,560,864.87,0.502,0.383,0.115,0.099,0.22,0.287
44,565,862.26,0.486,0.382,0.132,0.065,0.378,0.101
45,577,857.92,0.474,0.402,0.124,0.013,0.478,0.226
46,589,854.11,0.466,0.406,0.128,0.056,0.187,0.543
47,602,849.95,0.465,0.399,0.135,0.066,0.228,0.175
48,610,845.99,0.474,0.382,0.144,0.014,0.123,0.402
49,622,844.24,0.477,0.393,0.13,0.042,0.292,0.608
50,635,842.15,0.467,0.382,0.151,0.025,0.163,0.376
51,641,837.89,0.467,0.396,0.136,0.014,0.408,0.108
52,656,834.79,0.448,0.38,0.172,0.015,0.143,0.243
53,665,833.36,0.454,0.383,0.163,0.069,0.35,0.57
54,679,830.72,0.441,0.373,0.186,0.068,0.262,0.481
55,688,826.19,0.423,0.389,0.189,0.07,0.49,0.313
56,694,824.55,0.425,0.37,0.205,0.01,0.143,0.57
57,707,820.69,0.408,0.385,0.207,0.038,0.255,0.583
58,716,818.65,0.413,0.386,0.201,0.09,0.407,0.422
59,730,815.86,0.418,0.406,0.176,0.094,0.394,0.498
60,738,811.68,0.421,0.395,0.183,0.098,0.536,0.351
61,746,806.87,0.436,0.379,0.185,0.012,0.404,0.689
62,759,805.32,0.421,0.371,0.208,0.043,0.581,0.479
63,765,801.26,0.422,0.374,0.204,0.039,0.389,0.524
64,774,799.4,0.419,0.381,0.2,0.016,0.181,0.457
65,784,796.55,0.413,0.385,0.203,0.032,0.295,0.4
66,791,794.89,0.418,0.391,0.191,0.036,0.139,0.133
67,798,790.45,0.423,0.378,0.199,0.04,0.478,0.483
68,811,788.93,0.43,0.361,0.209,0.075,0.206,0.201
69,816,786.22,0.412,0.346,0.243,0.073,0.479,0.647
70,826,782.73,0.403,0.354,0.243,0.05,0.413,0.665
71,836,778.08,0.392,0.347,0.261,0.079,0.234,0.571
72,845,773.79,0.398,0.359,0.243,0.043,0.318,0.339
73,855,770.4,0.388,0.342,0.271,0.072,0.468,0.205
74,868,766.45,0.394,0.332,0.274,0.047,0.37,0.41
75,875,764.04,0.377,0.342,0.281,0.01,0.302,0.226
76,884,760.28,0.371,0.336,0.293,0.085,0.25,0.588
77,889,759.11,0.354,0.354,0.292,0.078,0.462,0.183
78,895,756.07,0.351,0.374,0.276,0.038,0.423,0.369
79,909,753.27,0.366,0.37,0.264,0.096,0.282,0.606
80,923,748.78,0.362,0.362,0.277,0.049,0.32,0.373
81,928,747.29,0.357,0.342,0.3,0.067,0.446,0.162
82,936,744.92,0.374,0.341,0.285,0.064,0.143,0.259
83,942,741.4,0.363,0.355,0.283,0.093,0.359,0.221
84,947,739.93,0.351,0.352,0.297,0.079,0.298,0.656
85,952,738.93,0.333,0.343,0.324,0.051,0.386,0.411
86,967,736.04,0.337,0.345,0.318,0.06,0.157,0.203
87,974,734.53,0.32,0.36,0.32,0.086,0.555,0.54
88,988,730.04,0.306,0.361,0.333,0.093,0.387,0.614
89,996,728.68,0.315,0.38,0.305,0.048,0.182,0.103
90,1005,726.75,0.304,0.382,0.315,0.031,0.13,0.479
91,1019,723.86,0.291,0.369,0.34,0.052,0.408,0.369
92,1029,720.88,0.298,0.375,0.326,0.079,0.221,0.443
93,1036,718.93,0.288,0.368,0.345,0.096,0.101,0.456
94,1044,715.9,0.272,0.375,0.353,0.047,0.552,0.26
95,1053,714.39,0.27,0.373,0.357,0.093,0.328,0.255
96,1067,711.65,0.264,0.377,0.359,0.088,0.151,0.55
97,1073,706.76,0.275,0.359,0.366,0.042,0.347,0.418
98,1080,702.98,0.286,0.366,0.347,0.061,0.591,0.27
99,1093,700.53,0.28,0.375,0.346,0.084,0.15,0.391
100,1102,699.53,0.288,0.358,0.354,0.054,0.181,0.596
101,1114,695.64,0.288,0.372,0.339,0.077,0.559,0.627
102,1121,692.81,0.272,0.391,0.337,0.086,0.27,0.347
103,1132,689.48,0.254,0.396,0.351,0.011,0.41,0.189
104,1146,687.82,0.24,0.399,0.361,0.056,0.265,0.468
105,1154,686.78,0.234,0.395,0.371,0.08,0.444,0.447
106,1164,683.58,0.243,0.39,0.368,0.04,0.335,0.313
107,1170,678.88,0.255,0.396,0.349,0.081,0.48,0.537
108,1178,676.38,0.265,0.379,0.356,0.074,0.312,0.453
109,1185,673.36,0.245,0.386,0.368,0.046,0.455,0.118
110,1196,669.19,0.258,0.375,0.367,0.057,0.325,0.622
111,1204,667.0,0.252,0.375,0.373,0.029,0.423,0.482
112,1216,665.36,0.248,0.371,0.381,0.065,0.534,0.627
113,1226,663.04,0.233,0.363,0.404,0.088,0.556,0.496
114,1237,658.11,0.236,0.358,0.406,0.068,0.378,0.565
115,1248,653.93,0.25,0.343,0.407,0.014,0.297,0.34
116,1261,652.14,0.269,0.332,0.399,0.015,0.335,0.329
117,1268,649.59,0.288,0.345,0.367,0.068,0.595,0.395
118,1276,644.95,0.3,0.334,0.365,0.016,0.435,0.567
119,1290,642.18,0.291,0.354,0.356,0.072,0.39,0.636
120,1299,638.79,0.289,0.36,0.35,0.074,0.326,0.606
121,1313,634.25,0.3,0.373,0.327,0.088,0.46,0.465
122,1319,631.38,0.317,0.382,0.301,0.082,0.338,0.647
123,1332,629.37,0.328,0.401,0.271,0.086,0.399,0.563
124,1340,627.45,0.315,0.383,0.302,0.044,0.596,0.305
125,1353,624.38,0.32,0.395,0.285,0.09,0.244,0.524
126,1360,620.66,0.319,0.394,0.287,0.099,0.142,0.61
127,1372,615.78,0.302,0.376,0.321,0.012,0.125,0.493
128,1381,614.11,0.296,0.368,0.336,0.041,0.244,0.668
129,1388,609.61,0.281,0.349,0.37,0.016,0.316,0.464
130,1399,607.98,0.292,0.333,0.375,0.081,0.455,0.37
131,1406,606.59,0.306,0.348,0.346,0.056,0.511,0.518
132,1418,604.35,0.325,0.365,0.311,0.055,0.194,0.496
133,1425,600.29,0.311,0.373,0.315,0.01,0.231,0.673
134,1433,597.93,0.319,0.367,0.314,0.045,0.362,0.308
135,1445,594.19,0.308,0.379,0.312,0.07,0.461,0.667
136,1457,592.64,0.306,0.394,0.299,0.017,0.125,0.502
137,1467,588.03,0.289,0.375,0.337,0.039,0.249,0.275
138,1474,586.7,0.301,0.39,0.309,0.068,0.305,0.463
139,1485,581.79,0.31,0.382,0.308,0.038,0.34,0.501
140,1492,578.58,0.305,0.374,0.321,0.085,0.349,0.106
141,1503,574.13,0.312,0.384,0.305,0.068,0.13,0.209
142,1511,569.62,0.32,0.375,0.305,0.052,0.578,0.669
143,1522,566.19,0.32,0.362,0.317,0.06,0.519,0.685
144,1529,564.88,0.34,0.359,0.301,0.038,0.449,0.163
145,1537,560.14,0.331,0.342,0.327,0.055,0.292,0.299
146,1545,557.02,0.34,0.331,0.329,0.086,0.468,0.189
147,1556,552.28,0.323,0.345,0.332,0.013,0.184,0.51
148,1563,548.37,0.332,0.338,0.329,0.064,0.382,0.618
149,1574,543.62,0.332,0.358,0.309,0.09,0.154,0.158
150,1583,541.12,0.314,0.353,0.333,0.057,0.506,0.672
151,1596,536.49,0.313,0.358,0.33,0.031,0.303,0.587
152,1607,535.44,0.31,0.361,0.329,0.041,0.41,0.596
153,1614,533.16,0.313,0.352,0.335,0.02,0.48,0.201
154,1623,528.54,0.303,0.35,0.347,0.033,0.579,0.435
155,1633,523.81,0.307,0.338,0.355,0.023,0.178,0.523
156,1641,521.88,0.312,0.325,0.363,0.045,0.378,0.345
157,1647,518.45,0.3,0.314,0.387,0.087,0.207,0.295
158,1660,515.51,0.284,0.306,0.41,0.065,0.533,0.503
159,1670,514.32,0.284,0.314,0.402,0.07,0.259,0.208
160,1677,511.43,0.284,0.321,0.395,0.022,0.449,0.115
161,1683,509.27,0.3,0.314,0.385,0.092,0.517,0.165
162,1696,504.45,0.281,0.318,0.401,0.084,0.277,0.594
163,1707,499.53,0.262,0.308,0.43,0.091,0.405,0.202
164,1718,496.04,0.256,0.316,0.428,0.059,0.232,0.361
165,1726,492.32,0.242,0.327,0.431,0.083,0.557,0.216
166,1738,488.67,0.244,0.335,0.421,0.085,0.433,0.327
167,1747,485.59,0.235,0.329,0.435,0.048,0.327,0.668
168,1754,480.69,0.227,0.337,0.436,0.083,0.363,0.196
169,1764,479.59,0.217,0.321,0.462,0.035,0.33,0.112
170,1769,474.75,0.235,0.332,0.433,0.083,0.576,0.396
171,1780,472.77,0.235,0.349,0.416,0.016,0.402,0.228
172,1788,471.45,0.252,0.349,0.399,0.097,0.456,0.376
173,1797,468.66,0.256,0.351,0.393,0.02,0.438,0.642
174,1805,465.16,0.247,0.371,0.383,0.019,0.416,0.468
175,1814,462.6,0.228,0.382,0.39,0.074,0.196,0.3
176,1819,459.35,0.232,0.365,0.403,0.094,0.38,0.174
177,1824,455.95,0.223,0.382,0.395,0.035,0.578,0.669
178,1838,452.51,0.233,0.385,0.382,0.068,0.146,0.596
179,1850,447.94,0.227,0.392,0.381,0.019,0.356,0.218
180,1860,446.69,0.236,0.385,0.38,0.017,0.588,0.419
181,1871,445.69,0.234,0.372,0.394,0.035,0.432,0.105
182,1883,443.15,0.226,0.352,0.422,0.071,0.304,0.523
183,1896,438.24,0.232,0.343,0.425,0.066,0.221,0.681
184,1909,436.07,0.233,0.331,0.436,0.063,0.166,0.288
185,1918,431.47,0.231,0.34,0.429,0.097,0.544,0.558
186,1928,428.97,0.24,0.341,0.419,0.037,0.122,0.221
187,1935,424.18,0.231,0.34,0.429,0.022,0.404,0.512
188,1948,421.89,0.247,0.354,0.4,0.011,0.591,0.193
189,1959,419.79,0.232,0.348,0.421,0.064,0.133,0.563
190,1972,415.28,0.226,0.349,0.425,0.022,0.337,0.393
191,1981,412.68,0.236,0.336,0.427,0.067,0.328,0.468
192,1994,410.89,0.225,0.355,0.421,0.019,0.17,0.137
193,2002,409.62,0.223,0.36,0.417,0.094,0.286,0.1
194,2010,407.2,0.213,0.358,0.429,0.041,0.187,0.687
195,2019,403.32,0.226,0.365,0.408,0.077,0.156,0.644
196,2032,402.29,0.239,0.35,0.411,0.094,0.289,0.436
197,2043,398.2,0.23,0.353,0.417,0.084,0.248,0.584
198,2058,394.31,0.249,0.363,0.388,0.07,0.227,0.34
199,2069,389.52,0.261,0.359,0.38,0.095,0.36,0.696
200,2079,388.05,0.265,0.35,0.385,0.049,0.213,0.277
201,2088,385.77,0.246,0.344,0.41,0.017,0.292,0.123
202,2094,381.13,0.247,0.327,0.426,0.029,0.371,0.231
203,2108,376.77,0.263,0.328,0.409,0.028,0.358,0.452
204,2116,371.91,0.278,0.323,0.4,0.1,0.576,0.618
205,2127,370.86,0.273,0.328,0.399,0.074,0.497,0.446
206,2135,365.97,0.274,0.31,0.416,0.039,0.585,0.345
207,2148,364.92,0.257,0.297,0.446,0.012,0.221,0.358
208,2155,361.73,0.276,0.289,0.435,0.039,0.593,0.64
209,2165,359.82,0.258,0.291,0.451,0.071,0.299,0.162
210,2170,357.99,0.244,0.291,0.465,0.037,0.12,0.345
211,2179,353.08,0.225,0.309,0.467,0.012,0.181,0.166
212,2194,350.22,0.232,0.302,0.466,0.06,0.244,0.523
213,2202,348.87,0.23,0.31,0.459,0.092,0.191,0.37
214,2208,344.87,0.236,0.315,0.449,0.034,0.471,0.572
215,2216,340.75,0.22,0.315,0.465,0.026,0.114,0.689
216,2227,338.05,0.215,0.333,0.452,0.019,0.239,0.3
217,2240,336.54,0.235,0.332,0.434,0.066,0.425,0.567
218,2249,333.39,0.239,0.336,0.425,0.03,0.461,0.447
219,2255,328.73,0.251,0.318,0.43,0.018,0.173,0.432
220,2262,325.54,0.262,0.312,0.427,0.058,0.551,0.41
221,2268,322.14,0.251,0.331,0.419,0.093,0.473,0.36
222,2274,317.22,0.253,0.326,0.421,0.08,0.311,0.502
223,2285,312.84,0.253,0.32,0.428,0.074,0.265,0.487
224,2299,311.17,0.24,0.327,0.433,0.058,0.333,0.44
225,2307,306.63,0.239,0.311,0.45,0.089,0.105,0.261
226,2315,302.83,0.226,0.324,0.45,0.056,0.519,0.606
227,2328,300.36,0.237,0.327,0.435,0.053,0.487,0.105
228,2341,297.32,0.251,0.333,0.415,0.058,0.294,0.298
229,2355,295.33,0.26,0.321,0.419,0.051,0.374,0.42
230,2362,292.37,0.268,0.326,0.406,0.053,0.156,0.687
231,2376,287.79,0.254,0.318,0.427,0.033,0.466,0.291
232,2387,283.1,0.269,0.3,0.431,0.09,0.281,0.12
233,2395,280.11,0.286,0.291,0.423,0.094,0.201,0.58
234,2403,275.48,0.283,0.299,0.418,0.041,0.591,0.583
235,2418,273.72,0.298,0.305,0.397,0.094,0.362,0.546
236,2426,268.92,0.307,0.289,0.404,0.052,0.401,0.309
237,2439,265.73,0.322,0.274,0.403,0.025,0.297,0.215
238,2452,261.01,0.337,0.264,0.399,0.052,0.31,0.696
239,2461,258.97,0.355,0.28,0.365,0.036,0.189,0.354
240,2469,257.43,0.372,0.295,0.334,0.085,0.511,0.505
241,2484,253.8,0.378,0.303,0.319,0.079,0.545,0.692
242,2491,250.0,0.36,0.295,0.345,0.058,0.296,0.384
243,2499,246.43,0.357,0.3,0.343,0.087,0.413,0.622
244,2513,242.57,0.348,0.293,0.359,0.089,0.366,0.224
245,2521,240.21,0.347,0.296,0.356,0.093,0.356,0.478
246,2534,236.94,0.362,0.306,0.332,0.093,0.327,0.463
247,2546,235.07,0.378,0.322,0.3,0.024,0.138,0.552
248,2559,232.65,0.391,0.314,0.295,0.048,0.118,0.248
249,2566,230.85,0.387,0.331,0.282,0.05,0.591,0.413
250,2574,228.15,0.389,0.317,0.294,0.011,0.593,0.675
251,2581,226.16,0.371,0.333,0.296,0.071,0.187,0.224
252,2596,224.56,0.368,0.322,0.31,0.039,0.445,0.576
253,2609,223.22,0.377,0.324,0.299,0.085,0.139,0.696
254,2618,220.82,0.381,0.343,0.276,0.011,0.37,0.182
255,2626,218.83,0.365,0.33,0.305,0.06,0.135,0.106
256,2633,216.75,0.378,0.332,0.29,0.078,0.463,0.242
257,2647,214.25,0.386,0.338,0.277,0.048,0.415,0.445
258,2654,211.1,0.372,0.351,0.277,0.072,0.333,0.293
259,2669,206.61,0.379,0.353,0.268,0.09,0.553,0.114
260,2676,205.42,0.386,0.372,0.242,0.066,0.252,0.679
261,2687,203.2,0.391,0.353,0.256,0.019,0.597,0.2
262,2700,198.67,0.407,0.362,0.231,0.079,0.214,0.654
263,2706,195.07,0.419,0.367,0.214,0.082,0.292,0.19
264,2714,193.89,0.415,0.382,0.203,0.042,0.392,0.501
265,2728,191.55,0.426,0.371,0.203,0.033,0.41,0.296
266,2735,188.58,0.437,0.368,0.194,0.02,0.279,0.412
267,2748,186.63,0.454,0.35,0.196,0.067,0.277,0.327
268,2761,184.61,0.46,0.35,0.19,0.059,0.466,0.582
269,2770,181.61,0.469,0.362,0.169,0.011,0.554,0.451
270,2779,176.91,0.466,0.37,0.164,0.089,0.137,0.372
271,2793,173.88,0.476,0.381,0.143,0.075,0.49,0.574
272,2807,169.13,0.495,0.387,0.119,0.017,0.134,0.597
273,2821,165.97,0.482,0.368,0.15,0.064,0.2,0.394
274,2836,161.12,0.482,0.38,0.138,0.055,0.454,0.19
275,2841,160.07,0.478,0.381,0.142,0.065,0.329,0.4
276,2851,156.61,0.497,0.392,0.111,0.028,0.285,0.63
277,2859,154.67,0.502,0.408,0.09,0.074,0.187,0.611
278,2866,150.05,0.516,0.397,0.087,0.012,0.22,0.313
279,2878,147.15,0.526,0.411,0.063,0.039,0.469,0.458
280,2888,142.87,0.546,0.412,0.043,0.062,0.504,0.466
281,2894,139.18,0.531,0.426,0.043,0.059,0.364,0.535
282,2906,136.41,0.55,0.438,0.011,0.066,0.212,0.2
283,2918,134.68,0.564,0.442,-0.006,0.097,0.493,0.663
284,2924,133.26,0.567,0.437,-0.004,0.092,0.186,0.394
285,2933,130.75,0.577,0.419,0.004,0.095,0.469,0.552
286,2940,129.55,0.57,0.428,0.002,0.034,0.334,0.213
287,2953,128.4,0.581,0.447,-0.028,0.095,0.317,0.13
288,2961,123.69,0.575,0.44,-0.014,0.015,0.42,0.58
289,2974,119.21,0.565,0.454,-0.019,0.043,0.474,0.572
290,2980,115.12,0.571,0.451,-0.022,0.081,0.45,0.596
291,2991,112.23,0.565,0.455,-0.02,0.016,0.391,0.521
292,3000,107.84,0.551,0.464,-0.015,0.017,0.142,0.596
293,3012,103.25,0.562,0.449,-0.012,0.037,0.539,0.566
294,3026,98.82,0.568,0.442,-0.01,0.099,0.578,0.225
295,3038,97.14,0.584,0.425,-0.01,0.023,0.167,0.21
296,3050,94.35,0.586,0.432,-0.018,0.049,0.478,0.465
297,3059,91.02,0.575,0.441,-0.016,0.061,0.192,0.498
298,3068,88.28,0.576,0.427,-0.004,0.029,0.426,0.611
299,3073,85.35,0.565,0.433,0.002,0.049,0.248,0.689
300,3084,83.01,0.569,0.449,-0.018,0.096,0.348,0.6
301,3094,80.21,0.566,0.448,-0.014,0.042,0.128,0.19
302,3106,75.75,0.557,0.462,-0.018,0.074,0.465,0.615
303,3113,74.06,0.558,0.457,-0.015,0.01,0.37,0.251
304,3119,72.92,0.577,0.476,-0.054,0.087,0.52,0.353
305,3130,71.84,0.592,0.471,-0.063,0.062,0.178,0.678
306,3137,69.81,0.583,0.468,-0.051,0.033,0.142,0.169
307,3145,68.77,0.601,0.482,-0.083,0.022,0.437,0.454
308,3156,67.18,0.584,0.492,-0.076,0.011,0.305,0.51
309,3164,63.55,0.582,0.476,-0.058,0.059,0.186,0.578
310,3171,61.5,0.566,0.484,-0.051,0.068,0.381,0.102
311,3178,57.81,0.564,0.472,-0.036,0.057,0.573,0.66
312,3185,54.64,0.553,0.455,-0.008,0.048,0.154,0.411
313,3192,51.28,0.535,0.436,0.029,0.05,0.362,0.537
314,3198,49.64,0.517,0.453,0.03,0.034,0.245,0.181
315,3204,48.08,0.514,0.437,0.049,0.091,0.582,0.345
316,3214,43.97,0.517,0.428,0.055,0.092,0.546,0.489
317,3220,42.1,0.526,0.446,0.028,0.019,0.513,0.609
318,3226,40.13,0.542,0.449,0.01,0.079,0.457,0.428
319,3241,36.03,0.544,0.466,-0.009,0.013,0.145,0.655
320,3246,32.93,0.563,0.485,-0.048,0.088,0.303,0.222
321,3257,28.14,0.58,0.501,-0.081,0.025,0.227,0.671
322,3265,23.51,0.564,0.507,-0.071,0.066,0.543,0.439
323,3275,21.63,0.556,0.49,-0.046,0.097,0.442,0.666
324,3280,17.85,0.54,0.509,-0.049,0.063,0.372,0.483
325,3294,16.16,0.542,0.529,-0.07,0.063,0.401,0.606
326,3305,13.07,0.561,0.547,-0.108,0.07,0.232,0.352
327,3317,8.29,0.556,0.566,-0.122,0.072,0.409,0.69
328,3328,5.99,0.561,0.574,-0.135,0.011,0.422,0.185
329,3335,3.74,0.564,0.588,-0.152,0.097,0.378,0.403
330,3340,0,0.565,0.6,-0.165,0.018,0.422,0.482
331,3352,0,0.577,0.595,-0.173,0.084,0.159,0.382
332,3365,0,0.589,0.614,-0.203,0.045,0.513,0.226
333,3377,0,0.573,0.611,-0.184,0.079,0.561,0.425
334,3390,0,0.554,0.61,-0.164,0.029,0.588,0.234
335,3400,0,0.543,0.614,-0.157,0.014,0.153,0.394
336,3412,0,0.54,0.63,-0.17,0.034,0.355,0.212
337,3425,0,0.538,0.622,-0.16,0.074,0.486,0.329
338,3440,0,0.544,0.604,-0.149,0.084,0.535,0.418
339,3454,0,0.562,0.594,-0.157,0.043,0.512,0.259
340,3469,0,0.578,0.596,-0.174,0.012,0.171,0.674
341,3483,0,0.575,0.576,-0.151,0.045,0.369,0.465
342,3495,0,0.595,0.56,-0.155,0.071,0.11,0.306
343,3506,0,0.584,0.552,-0.136,0.1,0.115,0.329
344,3513,0,0.601,0.553,-0.154,0.045,0.135,0.526
345,3521,0,0.616,0.556,-0.172,0.089,0.312,0.124
346,3531,0,0.602,0.556,-0.158,0.023,0.236,0.467
347,3539,0,0.605,0.552,-0.157,0.019,0.497,0.594
348,3549,0,0.607,0.542,-0.149,0.033,0.155,0.464
349,3562,0,0.625,0.557,-0.183,0.057,0.522,0.315
350,3568,0,0.631,0.553,-0.184,0.035,0.371,0.644
351,3573,0,0.612,0.565,-0.178,0.018,0.197,0.145
352,3586,0,0.593,0.583,-0.176,0.099,0.564,0.138
353,3599,0,0.59,0.585,-0.175,0.038,0.481,0.377
354,3611,0,0.595,0.577,-0.172,0.047,0.373,0.383
355,3625,0,0.615,0.593,-0.208,0.024,0.505,0.153
356,3640,0,0.63,0.613,-0.242,0.019,0.539,0.486
357,3654,0,0.636,0.604,-0.24,0.053,0.199,0.136
358,3661,0,0.626,0.623,-0.249,0.07,0.25,0.53
359,3668,0,0.611,0.617,-0.228,0.065,0.424,0.656
360,3674,0,0.624,0.63,-0.254,0.092,0.57,0.356
361,3682,0,0.606,0.626,-0.233,0.067,0.41,0.426
362,3696,0,0.615,0.621,-0.236,0.016,0.255,0.336
363,3709,0,0.608,0.623,-0.231,0.019,0.442,0.232
364,3720,0,0.618,0.631,-0.249,0.022,0.313,0.554
365,3729,0,0.6,0.618,-0.218,0.022,0.241,0.36
366,3736,0,0.617,0.602,-0.218,0.061,0.29,0.442
367,3745,0,0.63,0.582,-0.212,0.093,0.329,0.311
368,3758,0,0.628,0.573,-0.201,0.042,0.244,0.103
369,3765,0,0.61,0.571,-0.181,0.084,0.591,0.245
370,3771,0,0.61,0.566,-0.175,0.092,0.446,0.639
371,3784,0,0.611,0.578,-0.189,0.031,0.289,0.283
372,3799,0,0.624,0.57,-0.194,0.081,0.149,0.485
373,3805,0,0.633,0.56,-0.193,0.014,0.207,0.45
374,3818,0,0.634,0.547,-0.182,0.081,0.106,0.342
375,3828,0,0.629,0.561,-0.19,0.086,0.456,0.419
376,3837,0,0.623,0.567,-0.19,0.073,0.583,0.289
377,3847,0,0.629,0.549,-0.178,0.091,0.526,0.32
378,3861,0,0.612,0.545,-0.157,0.024,0.221,0.447
379,3872,0,0.604,0.553,-0.157,0.028,0.31,0.643
380,3879,0,0.588,0.547,-0.135,0.074,0.279,0.179
381,3891,0,0.569,0.538,-0.107,0.091,0.5,0.577
382,3902,0,0.56,0.524,-0.084,0.082,0.343,0.364
383,3916,0,0.544,0.53,-0.074,0.059,0.155,0.141
384,3928,0,0.528,0.532,-0.06,0.065,0.584,0.626
385,3937,0,0.531,0.513,-0.043,0.063,0.598,0.171
386,3947,0,0.545,0.503,-0.048,0.074,0.577,0.521
387,3960,0,0.559,0.494,-0.053,0.053,0.496,0.163
388,3966,0,0.543,0.497,-0.039,0.1,0.307,0.263
389,3980,0,0.537,0.492,-0.029,0.075,0.355,0.626
390,3991,0,0.533,0.499,-0.033,0.03,0.565,0.557
391,4001,0,0.538,0.486,-0.023,0.04,0.369,0.25
392,4014,0,0.536,0.484,-0.02,0.077,0.145,0.289
393,4021,0,0.55,0.473,-0.023,0.081,0.428,0.473
394,4033,0,0.545,0.455,-0.0,0.084,0.426,0.7
395,4042,0,0.529,0.443,0.028,0.042,0.102,0.664
396,4050,0,0.519,0.463,0.019,0.094,0.437,0.623
397,4059,0,0.537,0.472,-0.009,0.053,0.242,0.101
398,4069,0,0.533,0.483,-0.015,0.024,0.378,0.339
399,4077,0,0.537,0.483,-0.021,0.045,0.411,0.594
400,4085,0,0.523,0.489,-0.011,0.021,0.448,0.26
401,4090,0,0.538,0.495,-0.033,0.032,0.453,0.187
402,4098,0,0.521,0.482,-0.003,0.087,0.18,0.177
403,4112,0,0.534,0.469,-0.003,0.029,0.566,0.416
404,4125,0,0.547,0.455,-0.002,0.084,0.59,0.292
405,4130,0,0.536,0.457,0.007,0.036,0.274,0.626
406,4140,0,0.548,0.449,0.003,0.095,0.464,0.457
407,4154,0,0.557,0.463,-0.021,0.047,0.233,0.27
408,4163,0,0.577,0.451,-0.028,0.051,0.112,0.313
409,4168,0,0.572,0.446,-0.017,0.015,0.525,0.11
410,4174,0,0.591,0.459,-0.05,0.057,0.564,0.613
411,4185,0,0.583,0.479,-0.061,0.098,0.296,0.473
412,4194,0,0.565,0.483,-0.048,0.065,0.596,0.568
413,4200,0,0.572,0.48,-0.052,0.038,0.522,0.146
414,4206,0,0.56,0.481,-0.04,0.099,0.428,0.48
415,4220,0,0.56,0.461,-0.021,0.061,0.369,0.257
416,4227,0,0.573,0.476,-0.049,0.092,0.344,0.121
417,4235,0,0.575,0.465,-0.04,0.034,0.169,0.414
418,4246,0,0.578,0.467,-0.045,0.087,0.188,0.128
419,4259,0,0.562,0.452,-0.014,0.096,0.173,0.158
420,4274,0,0.558,0.468,-0.026,0.088,0.321,0.207
421,4284,0,0.561,0.474,-0.034,0.068,0.51,0.179
422,4290,0,0.559,0.492,-0.051,0.035,0.138,0.524
423,4296,0,0.572,0.497,-0.068,0.024,0.466,0.237
424,4310,0,0.561,0.491,-0.052,0.054,0.522,0.231
425,4318,0,0.56,0.501,-0.061,0.072,0.275,0.689
426,4330,0,0.54,0.509,-0.049,0.031,0.116,0.382
427,4339,0,0.524,0.505,-0.03,0.062,0.123,0.262
428,4350,0,0.54,0.496,-0.036,0.031,0.224,0.117
429,4356,0,0.559,0.484,-0.043,0.059,0.572,0.11
430,4361,0,0.565,0.503,-0.069,0.073,0.189,0.226
431,4367,0,0.546,0.519,-0.065,0.095,0.448,0.339
432,4378,0,0.543,0.505,-0.048,0.041,0.497,0.668
433,4390,0,0.551,0.486,-0.037,0.07,0.449,0.619
434,4400,0,0.54,0.486,-0.026,0.053,0.573,0.444
435,4406,0,0.534,0.497,-0.031,0.06,0.21,0.445
436,4419,0,0.546,0.5,-0.046,0.048,0.521,0.232
437,4426,0,0.551,0.518,-0.069,0.1,0.432,0.31
438,4433,0,0.56,0.517,-0.077,0.036,0.143,0.659
439,4440,0,0.567,0.531,-0.097,0.05,0.449,0.261
440,4450,0,0.581,0.53,-0.112,0.018,0.312,0.162
441,4457,0,0.596,0.512,-0.108,0.023,0.37,0.115
442,4470,0,0.603,0.515,-0.118,0.045,0.272,0.678
443,4478,0,0.605,0.514,-0.119,0.024,0.39,0.562
444,4490,0,0.615,0.496,-0.111,0.06,0.341,0.191
445,4498,0,0.606,0.495,-0.101,0.016,0.257,0.211
446,4507,0,0.591,0.513,-0.104,0.014,0.471,0.692
447,4515,0,0.597,0.495,-0.093,0.014,0.507,0.363
448,4529,0,0.605,0.505,-0.11,0.037,0.396,0.347
449,4543,0,0.588,0.514,-0.103,0.043,0.368,0.345
450,4553,0,0.572,0.532,-0.103,0.088,0.118,0.153
451,4567,0,0.555,0.539,-0.094,0.027,0.594,0.515
452,4575,0,0.536,0.549,-0.084,0.093,0.582,0.598
453,4588,0,0.538,0.567,-0.105,0.093,0.134,0.511
454,4597,0,0.548,0.567,-0.115,0.07,0.534,0.223
455,4602,0,0.532,0.586,-0.118,0.032,0.248,0.419
456,4611,0,0.524,0.575,-0.099,0.064,0.473,0.659
457,4622,0,0.509,0.588,-0.097,0.013,0.174,0.352
458,4629,0,0.528,0.595,-0.123,0.022,0.332,0.254
459,4643,0,0.541,0.612,-0.153,0.097,0.464,0.304
460,4657,0,0.548,0.62,-0.168,0.062,0.284,0.378
461,4671,0,0.563,0.63,-0.194,0.061,0.307,0.295
462,4679,0,0.579,0.613,-0.193,0.038,0.23,0.346
463,4690,0,0.574,0.617,-0.19,0.014,0.346,0.252
464,4700,0,0.581,0.612,-0.194,0.097,0.127,0.433
465,4706,0,0.588,0.62,-0.208,0.092,0.306,0.633
466,4715,0,0.58,0.62,-0.2,0.069,0.423,0.247
467,4723,0,0.573,0.623,-0.196,0.06,0.337,0.301
468,4738,0,0.571,0.628,-0.2,0.045,0.374,0.395
469,4748,0,0.588,0.644,-0.232,0.045,0.507,0.376
470,4756,0,0.594,0.635,-0.229,0.026,0.469,0.387
471,4765,0,0.575,0.64,-0.215,0.077,0.334,0.516
472,4778,0,0.562,0.652,-0.215,0.035,0.595,0.339
473,4791,0,0.548,0.67,-0.218,0.084,0.143,0.351
474,4798,0,0.546,0.672,-0.218,0.016,0.119,0.341
475,4806,0,0.534,0.676,-0.21,0.075,0.196,0.105
476,4816,0,0.533,0.662,-0.194,0.085,0.51,0.633
477,4828,0,0.516,0.658,-0.174,0.013,0.477,0.339
478,4837,0,0.511,0.678,-0.189,0.058,0.595,0.48
479,4850,0,0.493,0.659,-0.152,0.086,0.235,0.42
480,4864,0,0.502,0.674,-0.176,0.093,0.441,0.187
481,4872,0,0.499,0.677,-0.176,0.077,0.512,0.407
482,4877,0,0.508,0.695,-0.202,0.042,0.462,0.575
483,4892,0,0.522,0.677,-0.199,0.047,0.135,0.591
484,4903,0,0.504,0.695,-0.2,0.021,0.138,0.469
485,4918,0,0.518,0.682,-0.2,0.051,0.375,0.678
486,4925,0,0.519,0.689,-0.207,0.09,0.141,0.334
487,4931,0,0.535,0.679,-0.214,0.076,0.362,0.485
488,4943,0,0.555,0.662,-0.216,0.073,0.428,0.393
489,4949,0,0.571,0.66,-0.231,0.022,0.492,0.404
490,4960,0,0.554,0.655,-0.209,0.073,0.598,0.571
491,4970,0,0.546,0.672,-0.218,0.047,0.591,0.316
492,4976,0,0.557,0.658,-0.215,0.096,0.413,0.1
493,4991,0,0.552,0.653,-0.206,0.071,0.563,0.544
494,5002,0,0.534,0.648,-0.181,0.086,0.339,0.686
495,5008,0,0.53,0.638,-0.167,0.066,0.308,0.446
496,5017,0,0.51,0.642,-0.152,0.012,0.253,0.516
497,5031,0,0.494,0.642,-0.136,0.093,0.345,0.32
498,5045,0,0.487,0.646,-0.133,0.056,0.197,0.175
499,5054,0,0.487,0.663,-0.15,0.064,0.406,0.187
500,5068,0,0.503,0.678,-0.181,0.029,0.117,0.144
501,5080,0,0.485,0.674,-0.16,0.057,0.527,0.373
502,5089,0,0.471,0.685,-0.156,0.07,0.212,0.59
503,5103,0,0.46,0.691,-0.152,0.021,0.247,0.2
504,5111,0,0.457,0.675,-0.133,0.052,0.349,0.198
505,5120,0,0.444,0.66,-0.104,0.031,0.241,0.232
506,5129,0,0.435,0.644,-0.08,0.094,0.391,0.439
507,5143,0,0.428,0.627,-0.055,0.039,0.29,0.343
508,5153,0,0.417,0.642,-0.059,0.086,0.589,0.552
509,5159,0,0.412,0.631,-0.043,0.086,0.536,0.388
510,5171,0,0.395,0.643,-0.038,0.027,0.392,0.244
511,5180,0,0.405,0.663,-0.068,0.022,0.37,0.38
512,5190,0,0.412,0.648,-0.06,0.053,0.482,0.324
513,5200,0,0.397,0.649,-0.046,0.056,0.119,0.145
514,5209,0,0.382,0.662,-0.044,0.051,0.272,0.208
515,5220,0,0.386,0.655,-0.041,0.094,0.417,0.139
516,5229,0,0.402,0.67,-0.072,0.084,0.155,0.679
517,5235,0,0.402,0.678,-0.08,0.011,0.562,0.484
518,5241,0,0.396,0.691,-0.087,0.063,0.251,0.479
519,5254,0,0.408,0.698,-0.106,0.095,0.278,0.234
520,5267,0,0.421,0.707,-0.128,0.073,0.153,0.443
521,5276,0,0.439,0.702,-0.14,0.013,0.337,0.378
522,5286,0,0.457,0.717,-0.174,0.081,0.372,0.286
523,5292,0,0.462,0.731,-0.193,0.062,0.435,0.439
524,5304,0,0.444,0.733,-0.177,0.041,0.482,0.511
525,5311,0,0.439,0.735,-0.174,0.04,0.149,0.326
526,5325,0,0.455,0.742,-0.197,0.098,0.116,0.371
527,5339,0,0.466,0.73,-0.196,0.053,0.362,0.169
528,5352,0,0.447,0.733,-0.18,0.051,0.27,0.308
529,5363,0,0.461,0.748,-0.209,0.02,0.22,0.156
530,5371,0,0.464,0.733,-0.197,0.067,0.575,0.295
531,5379,0,0.457,0.715,-0.172,0.064,0.492,0.553
532,5388,0,0.445,0.702,-0.147,0.032,0.56,0.541
533,5396,0,0.44,0.714,-0.155,0.088,0.327,0.551
534,5403,0,0.449,0.708,-0.157,0.093,0.128,0.393
535,5414,0,0.462,0.726,-0.187,0.024,0.493,0.343
536,5426,0,0.461,0.742,-0.202,0.095,0.379,0.654
537,5431,0,0.459,0.742,-0.201,0.048,0.382,0.245
538,5446,0,0.463,0.729,-0.191,0.086,0.134,0.43
539,5457,0,0.444,0.739,-0.183,0.025,0.185,0.507
540,5465,0,0.445,0.746,-0.191,0.051,0.28,0.323
541,5474,0,0.431,0.749,-0.18,0.048,0.123,0.612
542,5489,0,0.442,0.74,-0.181,0.048,0.519,0.135
543,5498,0,0.458,0.744,-0.202,0.013,0.227,0.524
544,5503,0,0.467,0.744,-0.211,0.07,0.258,0.58
545,5514,0,0.453,0.737,-0.19,0.05,0.571,0.374
546,5527,0,0.435,0.72,-0.155,0.029,0.59,0.333
547,5539,0,0.424,0.7,-0.124,0.036,0.38,0.325
548,5550,0,0.425,0.7,-0.124,0.014,0.293,0.368
549,5561,0,0.425,0.718,-0.143,0.047,0.419,0.611
550,5568,0,0.435,0.704,-0.139,0.078,0.524,0.425
551,5575,0,0.431,0.698,-0.129,0.064,0.204,0.649
552,5581,0,0.415,0.687,-0.102,0.052,0.6,0.475
553,5594,0,0.406,0.672,-0.078,0.024,0.408,0.413
554,5602,0,0.42,0.681,-0.101,0.039,0.224,0.684
555,5615,0,0.414,0.675,-0.089,0.094,0.382,0.528
556,5624,0,0.396,0.685,-0.081,0.024,0.312,0.397
557,5635,0,0.38,0.692,-0.071,0.066,0.216,0.105
558,5644,0,0.379,0.691,-0.07,0.036,0.555,0.678
559,5655,0,0.395,0.695,-0.09,0.014,0.303,0.365
560,5662,0,0.4,0.703,-0.103,0.046,0.586,0.63
561,5672,0,0.393,0.714,-0.107,0.086,0.123,0.372
562,5684,0,0.376,0.727,-0.104,0.065,0.111,0.411
563,5699,0,0.362,0.709,-0.071,0.047,0.331,0.192
564,5706,0,0.355,0.708,-0.063,0.06,0.238,0.493
565,5711,0,0.359,0.716,-0.075,0.016,0.197,0.695
566,5723,0,0.356,0.731,-0.087,0.033,0.521,0.216
567,5737,0,0.365,0.714,-0.08,0.049,0.485,0.32
568,5748,0,0.369,0.711,-0.08,0.019,0.101,0.193
569,5759,0,0.38,0.712,-0.092,0.058,0.144,0.663
570,5771,0,0.378,0.715,-0.092,0.096,0.101,0.493
571,5785,0,0.364,0.718,-0.082,0.023,0.323,0.249
572,5799,0,0.344,0.709,-0.052,0.022,0.153,0.584
573,5806,0,0.349,0.7,-0.049,0.017,0.282,0.179
574,5819,0,0.354,0.708,-0.062,0.015,0.479,0.374
575,5828,0,0.358,0.696,-0.055,0.093,0.294,0.487
576,5838,0,0.364,0.694,-0.057,0.034,0.34,0.68
577,5849,0,0.349,0.687,-0.035,0.059,0.164,0.366
578,5856,0,0.353,0.703,-0.056,0.067,0.31,0.293
579,5867,0,0.365,0.722,-0.087,0.073,0.523,0.337
580,5877,0,0.371,0.741,-0.112,0.088,0.147,0.65
581,5887,0,0.354,0.757,-0.111,0.081,0.28,0.24
582,5898,0,0.367,0.767,-0.134,0.024,0.462,0.595
583,5905,0,0.373,0.769,-0.142,0.011,0.397,0.557
584,5918,0,0.376,0.787,-0.163,0.059,0.377,0.451
585,5927,0,0.365,0.786,-0.151,0.075,0.205,0.24
586,5939,0,0.346,0.779,-0.125,0.054,0.378,0.547
587,5948,0,0.362,0.772,-0.134,0.028,0.34,0.272
588,5957,0,0.372,0.759,-0.131,0.072,0.464,0.272
589,5963,0,0.353,0.743,-0.096,0.098,0.341,0.555
590,5969,0,0.361,0.728,-0.09,0.044,0.471,0.205
591,5982,0,0.361,0.718,-0.079,0.091,0.2,0.146
592,5992,0,0.355,0.738,-0.093,0.09,0.478,0.391
593,6006,0,0.362,0.744,-0.105,0.088,0.204,0.104
594,6019,0,0.367,0.758,-0.124,0.018,0.16,0.25
595,6025,0,0.354,0.771,-0.126,0.018,0.171,0.67
596,6032,0,0.372,0.781,-0.153,0.059,0.182,0.562
597,6044,0,0.383,0.784,-0.167,0.053,0.487,0.35
598,6059,0,0.397,0.775,-0.172,0.027,0.324,0.595
599,6067,0,0.393,0.795,-0.188,0.078,0.547,0.684
600,6081,0,0.378,0.787,-0.165,0.082,0.107,0.547
601,6095,0,0.363,0.802,-0.165,0.029,0.297,0.401
602,6107,0,0.348,0.797,-0.145,0.076,0.505,0.227
603,6119,0,0.328,0.787,-0.116,0.048,0.36,0.6
604,6128,0,0.318,0.783,-0.101,0.1,0.443,0.505
605,6138,0,0.299,0.779,-0.078,0.061,0.28,0.35
606,6149,0,0.286,0.779,-0.064,0.054,0.108,0.456
607,6161,0,0.268,0.792,-0.06,0.015,0.39,0.44
608,6173,0,0.273,0.781,-0.054,0.033,0.33,0.42
609,6184,0,0.289,0.768,-0.057,0.066,0.381,0.57
610,6190,0,0.293,0.779,-0.073,0.071,0.118,0.602
611,6205,0,0.297,0.794,-0.091,0.022,0.261,0.437
612,6210,0,0.298,0.807,-0.104,0.057,0.146,0.331
613,6221,0,0.291,0.81,-0.1,0.083,0.153,0.175
614,6228,0,0.31,0.805,-0.114,0.022,0.428,0.195
615,6236,0,0.324,0.803,-0.127,0.051,0.48,0.641
616,6243,0,0.328,0.795,-0.123,0.061,0.374,0.61
617,6256,0,0.334,0.777,-0.112,0.04,0.276,0.627
618,6269,0,0.352,0.761,-0.112,0.021,0.522,0.553
619,6275,0,0.37,0.756,-0.126,0.061,0.581,0.13
620,6288,0,0.356,0.766,-0.121,0.058,0.265,0.43
621,6294,0,0.369,0.782,-0.151,0.018,0.576,0.228
622,6305,0,0.37,0.765,-0.134,0.078,0.425,0.482
623,6311,0,0.36,0.75,-0.111,0.038,0.343,0.401
624,6320,0,0.344,0.77,-0.114,0.052,0.246,0.219
625,6332,0,0.331,0.765,-0.095,0.047,0.1,0.155
626,6345,0,0.317,0.748,-0.065,0.017,0.337,0.34
627,6360,0,0.303,0.759,-0.062,0.052,0.441,0.456
628,6365,0,0.304,0.773,-0.077,0.069,0.209,0.605
629,6377,0,0.286,0.763,-0.05,0.065,0.394,0.323
630,6387,0,0.281,0.754,-0.035,0.077,0.259,0.128
631,6395,0,0.282,0.771,-0.053,0.095,0.244,0.126
632,6408,0,0.276,0.787,-0.063,0.078,0.184,0.529
633,6422,0,0.259,0.771,-0.031,0.045,0.506,0.218
634,6435,0,0.243,0.77,-0.013,0.074,0.578,0.387
635,6441,0,0.23,0.781,-0.011,0.045,0.161,0.345
636,6450,0,0.241,0.774,-0.015,0.071,0.317,0.511
637,6464,0,0.241,0.79,-0.031,0.032,0.122,0.129
638,6474,0,0.25,0.774,-0.024,0.099,0.503,0.577
639,6488,0,0.234,0.762,0.003,0.097,0.209,0.148
640,6502,0,0.218,0.773,0.009,0.029,0.516,0.346
641,6511,0,0.205,0.756,0.039,0.042,0.545,0.392
642,6525,0,0.222,0.748,0.03,0.024,0.482,0.185
643,6537,0,0.224,0.75,0.026,0.046,0.351,0.54
644,6552,0,0.237,0.761,0.002,0.082,0.131,0.671
645,6566,0,0.245,0.742,0.013,0.065,0.543,0.222
646,6577,0,0.242,0.752,0.006,0.04,0.131,0.313
647,6585,0,0.237,0.746,0.017,0.064,0.56,0.314
648,6594,0,0.219,0.756,0.024,0.067,0.597,0.463
649,6607,0,0.204,0.737,0.06,0.049,0.296,0.349
650,6618,0,0.223,0.75,0.027,0.017,0.285,0.334
651,6631,0,0.217,0.761,0.023,0.039,0.289,0.505
652,6645,0,0.214,0.78,0.006,0.051,0.357,0.37
653,6652,0,0.209,0.768,0.023,0.06,0.262,0.21
654,6662,0,0.222,0.748,0.03,0.011,0.321,0.676
655,6677,0,0.239,0.73,0.031,0.026,0.262,0.211
656,6688,0,0.259,0.711,0.03,0.089,0.455,0.509
657,6702,0,0.27,0.703,0.027,0.021,0.357,0.194
658,6713,0,0.259,0.72,0.021,0.091,0.486,0.361
659,6719,0,0.246,0.708,0.046,0.077,0.235,0.356
660,6725,0,0.248,0.719,0.032,0.03,0.363,0.4
661,6732,0,0.255,0.739,0.006,0.044,0.454,0.626
662,6740,0,0.262,0.74,-0.002,0.066,0.491,0.649
663,6746,0,0.274,0.748,-0.021,0.033,0.347,0.188
664,6756,0,0.266,0.742,-0.008,0.048,0.369,0.492
665,6771,0,0.251,0.722,0.027,0.048,0.306,0.141
666,6785,0,0.242,0.738,0.02,0.061,0.521,0.404
667,6799,0,0.238,0.719,0.044,0.082,0.213,0.65
668,6811,0,0.226,0.735,0.039,0.1,0.415,0.681
669,6818,0,0.21,0.729,0.061,0.079,0.522,0.4
670,6825,0,0.222,0.717,0.061,0.1,0.59,0.343
671,6837,0,0.238,0.712,0.049,0.049,0.434,0.316
672,6846,0,0.233,0.714,0.053,0.055,0.476,0.623
673,6857,0,0.229,0.713,0.058,0.038,0.576,0.597
674,6871,0,0.249,0.73,0.021,0.044,0.128,0.463
675,6883,0,0.253,0.728,0.019,0.033,0.568,0.485
676,6894,0,0.254,0.718,0.028,0.068,0.295,0.161
677,6902,0,0.237,0.725,0.038,0.037,0.258,0.482
678,6910,0,0.253,0.714,0.032,0.028,0.6,0.441
679,6924,0,0.265,0.73,0.006,0.069,0.481,0.445
680,6938,0,0.273,0.75,-0.022,0.067,0.302,0.461
681,6949,0,0.255,0.735,0.01,0.018,0.136,0.686
682,6963,0,0.263,0.72,0.017,0.017,0.321,0.546
683,6969,0,0.244,0.715,0.041,0.025,0.169,0.636
684,6978,0,0.262,0.708,0.03,0.02,0.504,0.161
685,6990,0,0.278,0.706,0.016,0.067,0.161,0.463
686,7000,0,0.264,0.691,0.044,0.096,0.272,0.37
687,7010,0,0.246,0.707,0.047,0.044,0.249,0.462
688,7018,0,0.259,0.726,0.014,0.029,0.487,0.283
689,7023,0,0.262,0.738,0.0,0.081,0.423,0.128
690,7033,0,0.259,0.744,-0.003,0.031,0.593,0.668
691,7041,0,0.274,0.749,-0.023,0.059,0.11,0.349
692,7055,0,0.291,0.73,-0.02,0.036,0.176,0.52
693,7064,0,0.298,0.72,-0.018,0.08,0.222,0.537
694,7074,0,0.279,0.712,0.009,0.039,0.342,0.477
695,7079,0,0.277,0.698,0.025,0.042,0.106,0.658
696,7093,0,0.269,0.706,0.024,0.041,0.261,0.482
697,7104,0,0.25,0.712,0.038,0.099,0.418,0.312
698,7110,0,0.234,0.728,0.038,0.07,0.163,0.509
699,7118,0,0.24,0.709,0.05,0.013,0.401,0.167
700,7129,0,0.24,0.727,0.033,0.058,0.171,0.474
701,7139,0,0.236,0.719,0.045,0.042,0.554,0.446
702,7152,0,0.237,0.714,0.048,0.043,0.551,0.407
703,7158,0,0.217,0.703,0.08,0.069,0.182,0.215
704,7165,0,0.203,0.7,0.096,0.054,0.508,0.373
705,7179,0,0.191,0.709,0.1,0.046,0.157,0.134
706,7186,0,0.21,0.727,0.063,0.087,0.332,0.457
707,7196,0,0.229,0.745,0.026,0.019,0.206,0.539
708,7206,0,0.222,0.747,0.031,0.013,0.191,0.362
709,7215,0,0.205,0.755,0.039,0.079,0.501,0.413
710,7229,0,0.194,0.775,0.031,0.055,0.589,0.313
711,7239,0,0.201,0.774,0.025,0.087,0.408,0.628
712,7253,0,0.196,0.76,0.044,0.087,0.48,0.691
713,7266,0,0.196,0.765,0.039,0.031,0.128,0.56
714,7276,0,0.196,0.765,0.039,0.023,0.166,0.265
715,7286,0,0.19,0.761,0.049,0.091,0.545,0.352
716,7297,0,0.174,0.762,0.064,0.08,0.292,0.44
717,7307,0,0.171,0.78,0.05,0.065,0.225,0.407
718,7312,0,0.172,0.78,0.048,0.083,0.255,0.481
719,7324,0,0.16,0.786,0.054,0.083,0.292,0.685
720,7338,0,0.169,0.798,0.033,0.045,0.567,0.517
721,7351,0,0.183,0.792,0.024,0.089,0.535,0.438
722,7359,0,0.168,0.794,0.038,0.058,0.361,0.267
723,7366,0,0.158,0.777,0.065,0.07,0.138,0.149
724,7377,0,0.157,0.765,0.078,0.057,0.456,0.243
725,7387,0,0.154,0.785,0.061,0.043,0.195,0.579
726,7396,0,0.138,0.771,0.091,0.076,0.167,0.652
727,7401,0,0.13,0.76,0.11,0.093,0.336,0.217
728,7410,0,0.116,0.776,0.108,0.042,0.37,0.225
729,7418,0,0.112,0.781,0.107,0.077,0.448,0.466
730,7424,0,0.108,0.767,0.125,0.031,0.248,0.4
731,7432,0,0.122,0.771,0.108,0.069,0.189,0.174
732,7438,0,0.102,0.754,0.144,0.01,0.266,0.113
733,7447,0,0.098,0.771,0.131,0.019,0.487,0.672
734,7459,0,0.105,0.767,0.128,0.021,0.51,0.161
735,7468,0,0.094,0.772,0.134,0.06,0.197,0.536
736,7480,0,0.084,0.783,0.133,0.027,0.569,0.142
737,7493,0,0.101,0.773,0.125,0.011,0.358,0.663
738,7503,0,0.1,0.781,0.118,0.03,0.303,0.105
739,7511,0,0.115,0.763,0.122,0.066,0.455,0.188
740,7517,0,0.131,0.77,0.099,0.059,0.412,0.305
741,7527,0,0.127,0.767,0.105,0.071,0.367,0.53
742,7539,0,0.112,0.762,0.126,0.015,0.415,0.568
743,7548,0,0.123,0.755,0.122,0.036,0.162,0.344
744,7562,0,0.126,0.763,0.111,0.037,0.443,0.32
745,7571,0,0.116,0.744,0.141,0.039,0.509,0.648
746,7578,0,0.099,0.739,0.162,0.045,0.227,0.566
747,7588,0,0.085,0.746,0.169,0.029,0.163,0.131
748,7600,0,0.077,0.729,0.195,0.011,0.52,0.481
749,7610,0,0.076,0.712,0.212,0.073,0.496,0.103
750,7623,0,0.085,0.695,0.22,0.059,0.353,0.126
751,7637,0,0.072,0.69,0.238,0.061,0.339,0.598
752,7650,0,0.091,0.693,0.216,0.087,0.434,0.616
753,7664,0,0.11,0.698,0.192,0.025,0.257,0.124
754,7678,0,0.102,0.684,0.215,0.026,0.372,0.407
755,7689,0,0.121,0.701,0.178,0.085,0.453,0.308
756,7702,0,0.122,0.719,0.159,0.055,0.365,0.316
757,7714,0,0.132,0.713,0.155,0.04,0.59,0.482
758,7727,0,0.137,0.732,0.132,0.045,0.547,0.678
759,7737,0,0.124,0.746,0.13,0.085,0.5,0.176
760,7748,0,0.113,0.727,0.16,0.078,0.388,0.3
761,7761,0,0.127,0.731,0.143,0.093,0.254,0.503
762,7772,0,0.138,0.712,0.15,0.098,0.118,0.295
763,7786,0,0.128,0.71,0.162,0.049,0.3,0.223
764,7798,0,0.116,0.704,0.18,0.061,0.115,0.114
765,7809,0,0.111,0.718,0.171,0.033,0.579,0.322
766,7819,0,0.112,0.716,0.172,0.011,0.232,0.419
767,7824,0,0.092,0.713,0.195,0.049,0.122,0.327
768,7838,0,0.105,0.709,0.186,0.099,0.137,0.577
769,7843,0,0.12,0.7,0.18,0.073,0.379,0.454
770,7852,0,0.123,0.71,0.167,0.087,0.107,0.254
771,7858,0,0.127,0.729,0.144,0.021,0.17,0.186
772,7865,0,0.11,0.717,0.173,0.091,0.125,0.172
773,7877,0,0.12,0.701,0.179,0.07,0.226,0.587
774,7890,0,0.13,0.686,0.184,0.093,0.375,0.682
775,7895,0,0.111,0.698,0.19,0.088,0.328,0.322
776,7908,0,0.101,0.7,0.199,0.085,0.337,0.348
777,7921,0,0.121,0.689,0.19,0.078,0.127,0.257
778,7936,0,0.109,0.688,0.202,0.043,0.535,0.128
779,7950,0,0.102,0.7,0.197,0.024,0.224,0.246
780,7958,0,0.108,0.717,0.175,0.087,0.517,0.649
781,7965,0,0.1,0.724,0.177,0.027,0.268,0.145
782,7972,0,0.095,0.731,0.173,0.082,0.282,0.601
783,7986,0,0.112,0.712,0.176,0.065,0.293,0.268
784,7997,0,0.102,0.715,0.183,0.095,0.594,0.367
785,8005,0,0.092,0.728,0.18,0.067,0.381,0.572
786,8015,0,0.082,0.711,0.207,0.031,0.509,0.213
787,8029,0,0.07,0.693,0.237,0.039,0.576,0.655
788,8037,0,0.071,0.685,0.244,0.096,0.408,0.555
789,8050,0,0.081,0.672,0.247,0.051,0.51,0.116
790,8061,0,0.077,0.666,0.257,0.015,0.236,0.112
791,8069,0,0.057,0.65,0.293,0.059,0.579,0.311
792,8079,0,0.049,0.662,0.289,0.054,0.297,0.505
793,8089,0,0.035,0.674,0.292,0.044,0.514,0.251
794,8102,0,0.027,0.689,0.284,0.053,0.297,0.689
795,8110,0,0.046,0.671,0.283,0.082,0.586,0.532
796,8115,0,0.053,0.68,0.267,0.064,0.36,0.353
797,8126,0,0.046,0.679,0.274,0.082,0.429,0.131
798,8138,0,0.063,0.677,0.26,0.031,0.446,0.563
799,8146,0,0.068,0.693,0.238,0.076,0.526,0.223
800,8153,0,0.083,0.689,0.229,0.018,0.131,0.41
801,8162,0,0.074,0.688,0.238,0.091,0.184,0.212
802,8172,0,0.078,0.684,0.238,0.064,0.541,0.47
803,8182,0,0.084,0.699,0.217,0.026,0.411,0.43
804,8192,0,0.081,0.698,0.221,0.042,0.545,0.252
805,8198,0,0.081,0.678,0.241,0.036,0.143,0.687
806,8203,0,0.089,0.677,0.235,0.076,0.405,0.159
807,8212,0,0.088,0.682,0.23,0.041,0.528,0.612
808,8220,0,0.106,0.684,0.21,0.045,0.492,0.51
809,8232,0,0.101,0.675,0.223,0.043,0.436,0.217
810,8244,0,0.083,0.656,0.261,0.049,0.284,0.483
811,8251,0,0.097,0.66,0.243,0.023,0.258,0.407
812,8260,0,0.105,0.668,0.226,0.067,0.155,0.684
813,8269,0,0.109,0.683,0.208,0.071,0.346,0.236
814,8280,0,0.116,0.684,0.199,0.024,0.253,0.268
815,8293,0,0.112,0.686,0.202,0.013,0.516,0.326
816,8305,0,0.111,0.685,0.203,0.05,0.319,0.305
817,8313,0,0.104,0.701,0.194,0.053,0.319,0.485
818,8324,0,0.089,0.709,0.202,0.026,0.368,0.697
819,8331,0,0.078,0.702,0.221,0.047,0.163,0.342
820,8344,0,0.06,0.686,0.254,0.029,0.267,0.218
821,8355,0,0.07,0.693,0.237,0.019,0.365,0.232
822,8364,0,0.068,0.674,0.259,0.016,0.327,0.115
823,8372,0,0.067,0.684,0.25,0.01,0.339,0.429
824,8382,0,0.068,0.701,0.231,0.089,0.448,0.412
825,8393,0,0.08,0.684,0.235,0.059,0.227,0.226
826,8408,0,0.065,0.682,0.254,0.066,0.29,0.294
827,8416,0,0.046,0.688,0.266,0.084,0.346,0.368
828,8429,0,0.044,0.689,0.268,0.054,0.519,0.471
829,8443,0,0.039,0.69,0.272,0.017,0.6,0.643
830,8457,0,0.031,0.698,0.271,0.039,0.287,0.645
831,8463,0,0.047,0.694,0.259,0.057,0.282,0.254
832,8475,0,0.04,0.7,0.26,0.077,0.397,0.637
833,8488,0,0.028,0.71,0.263,0.089,0.298,0.21
834,8501,0,0.008,0.705,0.287,0.02,0.53,0.238
835,8511,0,-0.01,0.69,0.321,0.011,0.351,0.447
836,8521,0,-0.002,0.683,0.319,0.062,0.588,0.139
837,8532,0,-0.011,0.7,0.311,0.035,0.147,0.663
838,8540,0,0.002,0.698,0.301,0.036,0.593,0.402
839,8552,0,0.007,0.679,0.314,0.044,0.536,0.521
840,8557,0,-0.002,0.666,0.336,0.017,0.428,0.487
841,8564,0,-0.006,0.653,0.353,0.026,0.597,0.32
842,8577,0,-0.002,0.648,0.354,0.049,0.333,0.475
843,8590,0,-0.013,0.629,0.383,0.095,0.438,0.342
844,8598,0,-0.028,0.61,0.418,0.078,0.336,0.237
845,8605,0,-0.031,0.596,0.434,0.062,0.117,0.11
846,8616,0,-0.011,0.613,0.398,0.076,0.384,0.524
847,8630,0,-0.006,0.618,0.388,0.031,0.113,0.315
848,8636,0,-0.023,0.618,0.406,0.049,0.215,0.645
849,8642,0,-0.02,0.602,0.419,0.062,0.534,0.518
850,8653,0,-0.012,0.589,0.423,0.017,0.166,0.607
851,8658,0,-0.008,0.572,0.436,0.047,0.397,0.239
852,8673,0,-0.017,0.582,0.435,0.046,0.256,0.357
853,8679,0,0.001,0.592,0.407,0.048,0.359,0.38
854,8687,0,-0.011,0.599,0.411,0.081,0.493,0.258
855,8701,0,-0.019,0.586,0.432,0.035,0.193,0.248
856,8712,0,-0.011,0.57,0.441,0.085,0.518,0.588
857,8726,0,0.006,0.562,0.432,0.095,0.124,0.535
858,8733,0,-0.008,0.55,0.458,0.093,0.589,0.585
859,8748,0,-0.004,0.558,0.445,0.072,0.448,0.152
860,8762,0,-0.014,0.575,0.439,0.063,0.341,0.176
861,8773,0,0.003,0.581,0.416,0.079,0.467,0.687
862,8786,0,0.016,0.579,0.405,0.095,0.45,0.342
863,8799,0,0.015,0.568,0.416,0.072,0.262,0.414
864,8807,0,0.014,0.579,0.407,0.061,0.561,0.587
865,8813,0,-0.002,0.565,0.437,0.076,0.164,0.596
866,8821,0,-0.016,0.574,0.443,0.069,0.48,0.464
867,8835,0,0.0,0.574,0.426,0.031,0.544,0.432
868,8849,0,0.014,0.562,0.424,0.012,0.166,0.697
869,8857,0,0.006,0.554,0.441,0.061,0.209,0.524
870,8872,0,-0.01,0.547,0.463,0.034,0.279,0.585
871,8883,0,0.009,0.56,0.432,0.012,0.223,0.698
872,8891,0,0.019,0.555,0.426,0.095,0.141,0.646
873,8898,0,0.004,0.545,0.45,0.063,0.553,0.666
874,8907,0,0.022,0.557,0.421,0.073,0.515,0.554
875,8918,0,0.019,0.555,0.426,0.074,0.251,0.22
876,8929,0,0.02,0.552,0.427,0.016,0.246,0.172
877,8937,0,0.017,0.544,0.439,0.045,0.567,0.334
878,8949,0,0.033,0.527,0.44,0.058,0.225,0.164
879,8956,0,0.05,0.54,0.41,0.032,0.584,0.585
880,8970,0,0.035,0.553,0.411,0.015,0.516,0.339
881,8981,0,0.022,0.549,0.429,0.071,0.522,0.693
882,8986,0,0.02,0.536,0.444,0.065,0.235,0.156
883,9001,0,0.038,0.542,0.42,0.083,0.109,0.306
884,9009,0,0.028,0.553,0.42,0.096,0.445,0.211
885,9018,0,0.008,0.551,0.441,0.1,0.581,0.299
886,9026,0,-0.01,0.556,0.455,0.036,0.211,0.311
887,9035,0,-0.003,0.539,0.464,0.092,0.11,0.15
888,9049,0,0.013,0.548,0.439,0.034,0.539,0.307
889,9056,0,-0.005,0.533,0.472,0.041,0.507,0.255
890,9068,0,0.004,0.535,0.461,0.033,0.329,0.467
891,9078,0,0.013,0.552,0.435,0.069,0.173,0.572
892,9088,0,0.001,0.542,0.457,0.039,0.463,0.3
893,9099,0,-0.006,0.534,0.472,0.028,0.277,0.547
894,9105,0,-0.023,0.55,0.473,0.06,0.561,0.245
895,9111,0,-0.026,0.555,0.471,0.029,0.46,0.279
896,9118,0,-0.034,0.548,0.486,0.022,0.516,0.471
897,9129,0,-0.026,0.565,0.462,0.089,0.324,0.108
898,9141,0,-0.024,0.575,0.448,0.081,0.43,0.462
899,9148,0,-0.008,0.574,0.434,0.084,0.161,0.162
900,9159,0,-0.002,0.588,0.414,0.025,0.419,0.499
901,9168,0,-0.007,0.603,0.404,0.085,0.219,0.465
902,9181,0,0.01,0.598,0.393,0.036,0.204,0.645
903,9186,0,0.013,0.586,0.401,0.051,0.256,0.596
904,9193,0,-0.003,0.576,0.427,0.016,0.119,0.671
905,9205,0,0.006,0.588,0.406,0.074,0.507,0.252
906,9214,0,0.01,0.594,0.396,0.049,0.365,0.205
907,9229,0,0.029,0.609,0.362,0.011,0.583,0.177
908,9235,0,0.03,0.59,0.38,0.047,0.578,0.488
909,9247,0,0.041,0.575,0.385,0.06,0.455,0.235
910,9257,0,0.052,0.556,0.392,0.086,0.563,0.166
911,9272,0,0.063,0.563,0.374,0.065,0.351,0.189
912,9278,0,0.049,0.556,0.395,0.044,0.241,0.264
913,9284,0,0.061,0.551,0.389,0.025,0.282,0.63
914,9294,0,0.069,0.551,0.38,0.086,0.486,0.66
915,9302,0,0.069,0.538,0.393,0.034,0.133,0.443
916,9316,0,0.06,0.542,0.397,0.026,0.544,0.616
917,9330,0,0.048,0.558,0.395,0.059,0.475,0.687
918,9345,0,0.05,0.546,0.403,0.084,0.179,0.485
919,9356,0,0.047,0.564,0.389,0.042,0.59,0.583
920,9371,0,0.062,0.569,0.369,0.095,0.529,0.197
921,9384,0,0.069,0.552,0.379,0.099,0.178,0.58
922,9395,0,0.058,0.564,0.378,0.032,0.128,0.673
923,9402,0,0.05,0.578,0.372,0.039,0.279,0.329
924,9415,0,0.038,0.567,0.395,0.077,0.584,0.683
925,9423,0,0.058,0.58,0.362,0.05,0.191,0.345
926,9436,0,0.05,0.567,0.382,0.094,0.472,0.227
927,9449,0,0.045,0.552,0.402,0.064,0.135,0.26
928,9460,0,0.051,0.54,0.409,0.047,0.253,0.218
929,9465,0,0.05,0.521,0.428,0.036,0.272,0.224
930,9472,0,0.066,0.532,0.402,0.014,0.452,0.345
931,9483,0,0.081,0.537,0.382,0.06,0.57,0.292
932,9497,0,0.086,0.546,0.368,0.016,0.508,0.581
933,9508,0,0.098,0.546,0.356,0.024,0.451,0.137
934,9521,0,0.114,0.527,0.359,0.061,0.577,0.609
935,9529,0,0.105,0.521,0.374,0.049,0.476,0.581
936,9536,0,0.116,0.525,0.359,0.078,0.465,0.406
937,9545,0,0.099,0.531,0.369,0.053,0.226,0.604
938,9557,0,0.091,0.523,0.386,0.077,0.157,0.367
939,9566,0,0.092,0.523,0.385,0.091,0.217,0.621
940,9573,0,0.085,0.531,0.384,0.057,0.408,0.471
941,9582,0,0.097,0.532,0.37,0.092,0.18,0.453
942,9595,0,0.08,0.536,0.384,0.097,0.357,0.698
943,9600,0,0.085,0.549,0.366,0.079,0.244,0.106
944,9615,0,0.097,0.538,0.366,0.028,0.202,0.294
945,9629,0,0.09,0.523,0.387,0.082,0.223,0.583
946,9636,0,0.1,0.541,0.359,0.078,0.453,0.279
947,9643,0,0.097,0.549,0.354,0.077,0.556,0.453
948,9658,0,0.107,0.551,0.342,0.091,0.476,0.481
949,9668,0,0.124,0.534,0.341,0.076,0.229,0.471
950,9677,0,0.121,0.53,0.349,0.085,0.345,0.2
951,9684,0,0.133,0.514,0.353,0.023,0.162,0.41
952,9696,0,0.131,0.518,0.351,0.013,0.217,0.309
953,9701,0,0.149,0.525,0.326,0.038,0.139,0.61
954,9712,0,0.143,0.519,0.338,0.046,0.215,0.637
955,9723,0,0.126,0.519,0.354,0.092,0.491,0.393
956,9732,0,0.122,0.517,0.362,0.019,0.428,0.672
957,9745,0,0.102,0.506,0.392,0.076,0.264,0.614
958,9756,0,0.097,0.509,0.393,0.093,0.136,0.393
959,9761,0,0.079,0.493,0.427,0.079,0.552,0.312
960,9774,0,0.064,0.509,0.427,0.084,0.483,0.623
961,9787,0,0.073,0.497,0.431,0.052,0.348,0.14
962,9796,0,0.09,0.515,0.395,0.062,0.181,0.662
963,9806,0,0.098,0.523,0.38,0.013,0.331,0.237
964,9811,0,0.105,0.539,0.356,0.049,0.33,0.261
965,9821,0,0.119,0.53,0.35,0.061,0.365,0.381
966,9827,0,0.114,0.521,0.366,0.034,0.258,0.186
967,9837,0,0.106,0.52,0.374,0.071,0.466,0.419
968,9846,0,0.121,0.538,0.341,0.092,0.462,0.338
969,9861,0,0.127,0.535,0.338,0.045,0.506,0.674
970,9867,0,0.124,0.522,0.353,0.022,0.446,0.402
971,9873,0,0.13,0.508,0.362,0.013,0.114,0.105
972,9879,0,0.145,0.516,0.339,0.046,0.326,0.508
973,9886,0,0.151,0.535,0.314,0.038,0.125,0.314
974,9894,0,0.167,0.542,0.291,0.076,0.552,0.175
975,9900,0,0.186,0.531,0.283,0.055,0.516,0.243
976,9910,0,0.179,0.511,0.31,0.065,0.391,0.575
977,9918,0,0.16,0.519,0.321,0.011,0.162,0.477
978,9924,0,0.156,0.5,0.344,0.089,0.371,0.341
979,9937,0,0.15,0.511,0.338,0.047,0.5,0.391
980,9949,0,0.163,0.524,0.313,0.092,0.247,0.264
981,9963,0,0.167,0.543,0.289,0.04,0.424,0.212
982,9978,0,0.172,0.526,0.301,0.074,0.235,0.536
983,9986,0,0.176,0.545,0.279,0.058,0.397,0.105
984,9999,0,0.158,0.564,0.279,0.069,0.112,0.568
985,10012,0,0.174,0.566,0.26,0.015,0.303,0.531
986,10025,0,0.17,0.57,0.261,0.076,0.532,0.437
987,10038,0,0.159,0.571,0.27,0.051,0.122,0.261
988,10046,0,0.173,0.57,0.258,0.024,0.486,0.244
989,10056,0,0.161,0.589,0.25,0.028,0.165,0.475
990,10068,0,0.175,0.578,0.247,0.079,0.522,0.163
991,10076,0,0.166,0.589,0.245,0.048,0.375,0.294
992,10088,0,0.147,0.598,0.254,0.082,0.166,0.242
993,10103,0,0.128,0.606,0.267,0.065,0.111,0.372
994,10116,0,0.127,0.623,0.25,0.03,0.424,0.102
995,10131,0,0.124,0.625,0.25,0.061,0.232,0.628
996,10141,0,0.121,0.618,0.262,0.099,0.561,0.379
997,10156,0,0.116,0.601,0.283,0.067,0.224,0.472
998,10170,0,0.106,0.62,0.274,0.073,0.523,0.275
999,10179,0,0.101,0.604,0.295,0.044,0.352,0.457
